gene,in_subset
ENSMUSG00000000001,False
ENSMUSG00000000056,False
ENSMUSG00000000058,False
ENSMUSG00000000078,False
ENSMUSG00000000149,False
ENSMUSG00000000184,True
ENSMUSG00000000194,False
ENSMUSG00000000247,False
ENSMUSG00000000253,False
ENSMUSG00000000275,False
ENSMUSG00000000295,False
ENSMUSG00000000326,False
ENSMUSG00000000339,False
ENSMUSG00000000340,False
ENSMUSG00000000409,False
ENSMUSG00000000440,False
ENSMUSG00000000532,False
ENSMUSG00000000552,False
ENSMUSG00000000555,False
ENSMUSG00000000568,False
ENSMUSG00000000628,False
ENSMUSG00000000631,False
ENSMUSG00000000686,False
ENSMUSG00000000776,False
ENSMUSG00000000805,False
ENSMUSG00000000838,False
ENSMUSG00000000881,False
ENSMUSG00000000958,False
ENSMUSG00000000959,False
ENSMUSG00000000982,True
ENSMUSG00000001052,False
ENSMUSG00000001062,False
ENSMUSG00000001098,False
ENSMUSG00000001131,True
ENSMUSG00000001138,False
ENSMUSG00000001156,False
ENSMUSG00000001248,False
ENSMUSG00000001366,False
ENSMUSG00000001416,False
ENSMUSG00000001419,False
ENSMUSG00000001435,False
ENSMUSG00000001467,False
ENSMUSG00000001552,False
ENSMUSG00000001630,False
ENSMUSG00000001707,False
ENSMUSG00000001741,False
ENSMUSG00000001755,False
ENSMUSG00000001774,False
ENSMUSG00000001783,False
ENSMUSG00000001785,False
ENSMUSG00000001786,False
ENSMUSG00000001833,False
ENSMUSG00000001924,False
ENSMUSG00000001995,False
ENSMUSG00000002068,False
ENSMUSG00000002100,False
ENSMUSG00000002104,False
ENSMUSG00000002107,False
ENSMUSG00000002222,False
ENSMUSG00000002227,False
ENSMUSG00000002289,False
ENSMUSG00000002307,False
ENSMUSG00000002325,False
ENSMUSG00000002329,False
ENSMUSG00000002365,False
ENSMUSG00000002409,False
ENSMUSG00000002477,False
ENSMUSG00000002578,False
ENSMUSG00000002602,True
ENSMUSG00000002658,False
ENSMUSG00000002699,False
ENSMUSG00000002728,False
ENSMUSG00000002731,False
ENSMUSG00000002733,False
ENSMUSG00000002767,False
ENSMUSG00000002781,False
ENSMUSG00000002820,False
ENSMUSG00000002844,False
ENSMUSG00000002845,False
ENSMUSG00000002847,False
ENSMUSG00000002870,False
ENSMUSG00000002871,False
ENSMUSG00000002885,False
ENSMUSG00000002897,False
ENSMUSG00000002980,False
ENSMUSG00000002997,False
ENSMUSG00000003032,False
ENSMUSG00000003134,False
ENSMUSG00000003154,False
ENSMUSG00000003161,False
ENSMUSG00000003190,False
ENSMUSG00000003226,False
ENSMUSG00000003269,False
ENSMUSG00000003458,False
ENSMUSG00000003518,False
ENSMUSG00000003541,True
ENSMUSG00000003546,False
ENSMUSG00000003617,False
ENSMUSG00000003623,False
ENSMUSG00000003644,False
ENSMUSG00000003665,False
ENSMUSG00000003746,False
ENSMUSG00000003810,False
ENSMUSG00000003812,False
ENSMUSG00000003847,False
ENSMUSG00000003882,True
ENSMUSG00000004040,False
ENSMUSG00000004098,False
ENSMUSG00000004099,False
ENSMUSG00000004105,False
ENSMUSG00000004221,False
ENSMUSG00000004296,True
ENSMUSG00000004317,False
ENSMUSG00000004319,False
ENSMUSG00000004364,False
ENSMUSG00000004446,False
ENSMUSG00000004451,False
ENSMUSG00000004565,False
ENSMUSG00000004591,False
ENSMUSG00000004748,False
ENSMUSG00000004771,False
ENSMUSG00000004789,False
ENSMUSG00000004798,False
ENSMUSG00000004936,False
ENSMUSG00000004952,False
ENSMUSG00000004980,False
ENSMUSG00000004996,False
ENSMUSG00000005087,True
ENSMUSG00000005089,False
ENSMUSG00000005237,False
ENSMUSG00000005312,False
ENSMUSG00000005362,False
ENSMUSG00000005371,False
ENSMUSG00000005442,False
ENSMUSG00000005481,False
ENSMUSG00000005514,False
ENSMUSG00000005580,False
ENSMUSG00000005583,False
ENSMUSG00000005610,False
ENSMUSG00000005615,False
ENSMUSG00000005625,False
ENSMUSG00000005672,False
ENSMUSG00000005674,False
ENSMUSG00000005682,False
ENSMUSG00000005686,False
ENSMUSG00000005732,False
ENSMUSG00000005763,False
ENSMUSG00000005774,False
ENSMUSG00000005779,False
ENSMUSG00000005802,False
ENSMUSG00000005813,False
ENSMUSG00000005871,False
ENSMUSG00000005893,False
ENSMUSG00000005949,False
ENSMUSG00000005973,False
ENSMUSG00000005986,False
ENSMUSG00000006005,False
ENSMUSG00000006019,False
ENSMUSG00000006050,False
ENSMUSG00000006058,False
ENSMUSG00000006169,False
ENSMUSG00000006191,False
ENSMUSG00000006205,False
ENSMUSG00000006215,False
ENSMUSG00000006262,False
ENSMUSG00000006281,False
ENSMUSG00000006288,False
ENSMUSG00000006304,False
ENSMUSG00000006403,False
ENSMUSG00000006412,False
ENSMUSG00000006526,False
ENSMUSG00000006585,False
ENSMUSG00000006678,False
ENSMUSG00000006699,False
ENSMUSG00000006715,False
ENSMUSG00000006717,False
ENSMUSG00000006732,False
ENSMUSG00000006740,False
ENSMUSG00000006818,True
ENSMUSG00000007036,False
ENSMUSG00000007570,False
ENSMUSG00000007655,True
ENSMUSG00000007817,False
ENSMUSG00000007836,False
ENSMUSG00000008035,False
ENSMUSG00000008373,False
ENSMUSG00000008393,False
ENSMUSG00000008734,False
ENSMUSG00000008855,False
ENSMUSG00000009090,False
ENSMUSG00000009418,False
ENSMUSG00000009470,False
ENSMUSG00000009654,False
ENSMUSG00000009772,False
ENSMUSG00000009894,False
ENSMUSG00000009905,False
ENSMUSG00000010051,False
ENSMUSG00000010057,False
ENSMUSG00000010205,False
ENSMUSG00000010277,False
ENSMUSG00000010307,False
ENSMUSG00000010358,False
ENSMUSG00000010392,False
ENSMUSG00000010406,False
ENSMUSG00000010609,False
ENSMUSG00000010663,False
ENSMUSG00000010914,False
ENSMUSG00000011008,False
ENSMUSG00000011179,False
ENSMUSG00000011884,False
ENSMUSG00000012350,False
ENSMUSG00000012422,False
ENSMUSG00000012428,False
ENSMUSG00000013076,False
ENSMUSG00000013150,False
ENSMUSG00000013584,False
ENSMUSG00000013622,False
ENSMUSG00000013646,False
ENSMUSG00000013662,False
ENSMUSG00000013707,False
ENSMUSG00000013736,False
ENSMUSG00000013846,False
ENSMUSG00000014349,False
ENSMUSG00000014554,False
ENSMUSG00000014601,False
ENSMUSG00000014748,False
ENSMUSG00000014778,False
ENSMUSG00000014850,False
ENSMUSG00000014956,False
ENSMUSG00000015112,False
ENSMUSG00000015120,False
ENSMUSG00000015143,False
ENSMUSG00000015243,True
ENSMUSG00000015290,False
ENSMUSG00000015305,False
ENSMUSG00000015314,False
ENSMUSG00000015316,False
ENSMUSG00000015337,False
ENSMUSG00000015340,False
ENSMUSG00000015396,False
ENSMUSG00000015474,False
ENSMUSG00000015488,False
ENSMUSG00000015501,False
ENSMUSG00000015542,False
ENSMUSG00000015652,False
ENSMUSG00000015668,False
ENSMUSG00000015697,False
ENSMUSG00000015711,False
ENSMUSG00000015745,False
ENSMUSG00000015755,False
ENSMUSG00000015766,False
ENSMUSG00000015804,False
ENSMUSG00000015837,True
ENSMUSG00000015839,False
ENSMUSG00000015889,False
ENSMUSG00000015943,False
ENSMUSG00000015961,False
ENSMUSG00000015971,False
ENSMUSG00000016018,False
ENSMUSG00000016239,False
ENSMUSG00000016253,False
ENSMUSG00000016256,False
ENSMUSG00000016487,False
ENSMUSG00000016496,False
ENSMUSG00000016503,False
ENSMUSG00000016528,False
ENSMUSG00000016529,True
ENSMUSG00000016552,False
ENSMUSG00000016554,False
ENSMUSG00000016831,False
ENSMUSG00000016921,False
ENSMUSG00000016933,False
ENSMUSG00000016940,False
ENSMUSG00000016984,False
ENSMUSG00000017009,True
ENSMUSG00000017119,False
ENSMUSG00000017132,False
ENSMUSG00000017144,False
ENSMUSG00000017146,False
ENSMUSG00000017264,False
ENSMUSG00000017418,False
ENSMUSG00000017428,False
ENSMUSG00000017493,False
ENSMUSG00000017561,False
ENSMUSG00000017631,False
ENSMUSG00000017639,False
ENSMUSG00000017652,True
ENSMUSG00000017664,False
ENSMUSG00000017670,False
ENSMUSG00000017715,False
ENSMUSG00000017737,False
ENSMUSG00000017756,False
ENSMUSG00000017802,False
ENSMUSG00000017830,False
ENSMUSG00000017843,False
ENSMUSG00000017929,False
ENSMUSG00000018008,False
ENSMUSG00000018040,False
ENSMUSG00000018076,False
ENSMUSG00000018160,False
ENSMUSG00000018167,False
ENSMUSG00000018169,False
ENSMUSG00000018293,True
ENSMUSG00000018334,False
ENSMUSG00000018395,False
ENSMUSG00000018401,False
ENSMUSG00000018417,False
ENSMUSG00000018474,False
ENSMUSG00000018481,False
ENSMUSG00000018500,False
ENSMUSG00000018509,False
ENSMUSG00000018659,False
ENSMUSG00000018669,False
ENSMUSG00000018678,False
ENSMUSG00000018736,False
ENSMUSG00000018796,True
ENSMUSG00000018809,False
ENSMUSG00000018821,False
ENSMUSG00000018846,False
ENSMUSG00000018861,False
ENSMUSG00000018899,False
ENSMUSG00000018909,False
ENSMUSG00000018916,False
ENSMUSG00000018920,False
ENSMUSG00000018930,True
ENSMUSG00000018995,False
ENSMUSG00000019039,False
ENSMUSG00000019055,False
ENSMUSG00000019066,False
ENSMUSG00000019088,False
ENSMUSG00000019132,True
ENSMUSG00000019189,False
ENSMUSG00000019210,False
ENSMUSG00000019471,False
ENSMUSG00000019478,False
ENSMUSG00000019528,False
ENSMUSG00000019558,True
ENSMUSG00000019659,False
ENSMUSG00000019726,False
ENSMUSG00000019763,False
ENSMUSG00000019777,False
ENSMUSG00000019782,False
ENSMUSG00000019794,False
ENSMUSG00000019795,False
ENSMUSG00000019796,False
ENSMUSG00000019817,False
ENSMUSG00000019818,False
ENSMUSG00000019822,False
ENSMUSG00000019823,False
ENSMUSG00000019832,False
ENSMUSG00000019842,False
ENSMUSG00000019850,True
ENSMUSG00000019854,False
ENSMUSG00000019857,False
ENSMUSG00000019861,False
ENSMUSG00000019868,False
ENSMUSG00000019897,False
ENSMUSG00000019907,False
ENSMUSG00000019916,False
ENSMUSG00000019920,False
ENSMUSG00000019966,False
ENSMUSG00000019975,False
ENSMUSG00000020018,False
ENSMUSG00000020021,False
ENSMUSG00000020032,False
ENSMUSG00000020038,False
ENSMUSG00000020057,False
ENSMUSG00000020077,True
ENSMUSG00000020089,False
ENSMUSG00000020091,False
ENSMUSG00000020100,False
ENSMUSG00000020101,False
ENSMUSG00000020102,False
ENSMUSG00000020115,False
ENSMUSG00000020121,False
ENSMUSG00000020122,False
ENSMUSG00000020143,False
ENSMUSG00000020152,False
ENSMUSG00000020178,False
ENSMUSG00000020180,False
ENSMUSG00000020186,False
ENSMUSG00000020205,False
ENSMUSG00000020224,False
ENSMUSG00000020227,False
ENSMUSG00000020228,False
ENSMUSG00000020248,False
ENSMUSG00000020250,False
ENSMUSG00000020253,False
ENSMUSG00000020261,False
ENSMUSG00000020263,False
ENSMUSG00000020271,False
ENSMUSG00000020275,False
ENSMUSG00000020277,False
ENSMUSG00000020300,False
ENSMUSG00000020309,False
ENSMUSG00000020340,False
ENSMUSG00000020361,False
ENSMUSG00000020363,False
ENSMUSG00000020380,False
ENSMUSG00000020386,False
ENSMUSG00000020392,False
ENSMUSG00000020393,False
ENSMUSG00000020397,False
ENSMUSG00000020399,False
ENSMUSG00000020400,False
ENSMUSG00000020407,False
ENSMUSG00000020413,False
ENSMUSG00000020422,False
ENSMUSG00000020424,False
ENSMUSG00000020437,False
ENSMUSG00000020440,False
ENSMUSG00000020444,False
ENSMUSG00000020451,False
ENSMUSG00000020453,False
ENSMUSG00000020476,False
ENSMUSG00000020485,False
ENSMUSG00000020495,False
ENSMUSG00000020564,False
ENSMUSG00000020572,False
ENSMUSG00000020573,False
ENSMUSG00000020577,False
ENSMUSG00000020589,False
ENSMUSG00000020611,False
ENSMUSG00000020629,False
ENSMUSG00000020638,True
ENSMUSG00000020641,True
ENSMUSG00000020642,False
ENSMUSG00000020647,False
ENSMUSG00000020652,False
ENSMUSG00000020661,False
ENSMUSG00000020664,False
ENSMUSG00000020668,False
ENSMUSG00000020671,False
ENSMUSG00000020689,True
ENSMUSG00000020691,False
ENSMUSG00000020694,False
ENSMUSG00000020696,False
ENSMUSG00000020702,False
ENSMUSG00000020705,False
ENSMUSG00000020716,False
ENSMUSG00000020720,False
ENSMUSG00000020733,False
ENSMUSG00000020737,False
ENSMUSG00000020741,False
ENSMUSG00000020773,False
ENSMUSG00000020777,False
ENSMUSG00000020790,False
ENSMUSG00000020806,False
ENSMUSG00000020817,False
ENSMUSG00000020818,False
ENSMUSG00000020823,False
ENSMUSG00000020827,False
ENSMUSG00000020841,False
ENSMUSG00000020868,False
ENSMUSG00000020883,False
ENSMUSG00000020893,False
ENSMUSG00000020897,False
ENSMUSG00000020898,False
ENSMUSG00000020901,False
ENSMUSG00000020918,False
ENSMUSG00000020941,False
ENSMUSG00000020946,False
ENSMUSG00000020952,False
ENSMUSG00000020954,False
ENSMUSG00000020973,False
ENSMUSG00000020974,False
ENSMUSG00000020978,False
ENSMUSG00000020988,False
ENSMUSG00000020993,False
ENSMUSG00000021003,False
ENSMUSG00000021024,False
ENSMUSG00000021025,True
ENSMUSG00000021036,False
ENSMUSG00000021038,False
ENSMUSG00000021039,False
ENSMUSG00000021040,False
ENSMUSG00000021067,False
ENSMUSG00000021069,False
ENSMUSG00000021087,False
ENSMUSG00000021096,False
ENSMUSG00000021102,False
ENSMUSG00000021103,False
ENSMUSG00000021108,False
ENSMUSG00000021109,False
ENSMUSG00000021116,False
ENSMUSG00000021123,False
ENSMUSG00000021125,False
ENSMUSG00000021127,True
ENSMUSG00000021133,False
ENSMUSG00000021140,False
ENSMUSG00000021175,False
ENSMUSG00000021196,False
ENSMUSG00000021241,False
ENSMUSG00000021245,False
ENSMUSG00000021250,True
ENSMUSG00000021266,False
ENSMUSG00000021270,False
ENSMUSG00000021285,False
ENSMUSG00000021303,False
ENSMUSG00000021322,False
ENSMUSG00000021360,False
ENSMUSG00000021366,False
ENSMUSG00000021367,True
ENSMUSG00000021377,False
ENSMUSG00000021384,False
ENSMUSG00000021457,False
ENSMUSG00000021466,False
ENSMUSG00000021474,False
ENSMUSG00000021476,False
ENSMUSG00000021482,False
ENSMUSG00000021488,False
ENSMUSG00000021495,False
ENSMUSG00000021497,False
ENSMUSG00000021501,False
ENSMUSG00000021504,False
ENSMUSG00000021532,False
ENSMUSG00000021546,False
ENSMUSG00000021559,False
ENSMUSG00000021583,False
ENSMUSG00000021595,False
ENSMUSG00000021598,False
ENSMUSG00000021614,False
ENSMUSG00000021619,False
ENSMUSG00000021639,False
ENSMUSG00000021668,False
ENSMUSG00000021670,False
ENSMUSG00000021686,False
ENSMUSG00000021687,False
ENSMUSG00000021690,False
ENSMUSG00000021701,False
ENSMUSG00000021709,False
ENSMUSG00000021725,False
ENSMUSG00000021733,False
ENSMUSG00000021738,False
ENSMUSG00000021756,False
ENSMUSG00000021759,False
ENSMUSG00000021764,False
ENSMUSG00000021765,False
ENSMUSG00000021767,False
ENSMUSG00000021770,False
ENSMUSG00000021774,False
ENSMUSG00000021775,False
ENSMUSG00000021814,False
ENSMUSG00000021820,False
ENSMUSG00000021822,False
ENSMUSG00000021831,False
ENSMUSG00000021832,False
ENSMUSG00000021843,False
ENSMUSG00000021846,False
ENSMUSG00000021877,False
ENSMUSG00000021890,False
ENSMUSG00000021891,False
ENSMUSG00000021892,False
ENSMUSG00000021895,False
ENSMUSG00000021902,False
ENSMUSG00000021905,False
ENSMUSG00000021906,False
ENSMUSG00000021910,False
ENSMUSG00000021930,False
ENSMUSG00000021938,False
ENSMUSG00000021948,False
ENSMUSG00000021962,False
ENSMUSG00000021982,False
ENSMUSG00000021990,False
ENSMUSG00000021997,False
ENSMUSG00000021998,False
ENSMUSG00000022000,False
ENSMUSG00000022009,False
ENSMUSG00000022010,False
ENSMUSG00000022018,False
ENSMUSG00000022035,False
ENSMUSG00000022051,False
ENSMUSG00000022052,False
ENSMUSG00000022094,False
ENSMUSG00000022098,False
ENSMUSG00000022100,False
ENSMUSG00000022102,False
ENSMUSG00000022105,False
ENSMUSG00000022106,False
ENSMUSG00000022122,False
ENSMUSG00000022124,False
ENSMUSG00000022125,False
ENSMUSG00000022131,False
ENSMUSG00000022139,False
ENSMUSG00000022146,False
ENSMUSG00000022148,False
ENSMUSG00000022150,True
ENSMUSG00000022175,False
ENSMUSG00000022177,False
ENSMUSG00000022180,False
ENSMUSG00000022184,False
ENSMUSG00000022186,False
ENSMUSG00000022201,False
ENSMUSG00000022217,False
ENSMUSG00000022244,False
ENSMUSG00000022247,False
ENSMUSG00000022253,False
ENSMUSG00000022255,True
ENSMUSG00000022265,False
ENSMUSG00000022280,False
ENSMUSG00000022300,False
ENSMUSG00000022353,False
ENSMUSG00000022358,False
ENSMUSG00000022360,False
ENSMUSG00000022370,False
ENSMUSG00000022377,False
ENSMUSG00000022404,False
ENSMUSG00000022419,False
ENSMUSG00000022426,False
ENSMUSG00000022428,False
ENSMUSG00000022433,False
ENSMUSG00000022442,False
ENSMUSG00000022463,False
ENSMUSG00000022469,False
ENSMUSG00000022471,False
ENSMUSG00000022474,False
ENSMUSG00000022475,False
ENSMUSG00000022514,False
ENSMUSG00000022516,False
ENSMUSG00000022529,False
ENSMUSG00000022538,False
ENSMUSG00000022540,False
ENSMUSG00000022544,False
ENSMUSG00000022559,False
ENSMUSG00000022575,False
ENSMUSG00000022636,False
ENSMUSG00000022637,False
ENSMUSG00000022661,True
ENSMUSG00000022664,False
ENSMUSG00000022671,False
ENSMUSG00000022682,False
ENSMUSG00000022684,False
ENSMUSG00000022685,False
ENSMUSG00000022687,False
ENSMUSG00000022722,False
ENSMUSG00000022742,False
ENSMUSG00000022744,False
ENSMUSG00000022751,False
ENSMUSG00000022752,False
ENSMUSG00000022769,False
ENSMUSG00000022788,False
ENSMUSG00000022799,False
ENSMUSG00000022801,False
ENSMUSG00000022802,False
ENSMUSG00000022807,False
ENSMUSG00000022814,False
ENSMUSG00000022822,False
ENSMUSG00000022831,False
ENSMUSG00000022856,False
ENSMUSG00000022861,False
ENSMUSG00000022864,False
ENSMUSG00000022876,False
ENSMUSG00000022885,False
ENSMUSG00000022892,False
ENSMUSG00000022895,False
ENSMUSG00000022898,False
ENSMUSG00000022901,False
ENSMUSG00000022906,False
ENSMUSG00000022946,False
ENSMUSG00000022947,False
ENSMUSG00000022957,False
ENSMUSG00000022971,False
ENSMUSG00000023009,False
ENSMUSG00000023010,False
ENSMUSG00000023021,False
ENSMUSG00000023022,False
ENSMUSG00000023044,False
ENSMUSG00000023050,False
ENSMUSG00000023068,False
ENSMUSG00000023072,False
ENSMUSG00000023087,False
ENSMUSG00000023088,False
ENSMUSG00000023104,False
ENSMUSG00000023147,False
ENSMUSG00000023150,False
ENSMUSG00000023286,False
ENSMUSG00000023307,False
ENSMUSG00000023330,False
ENSMUSG00000023353,False
ENSMUSG00000023505,False
ENSMUSG00000023707,False
ENSMUSG00000023764,False
ENSMUSG00000023809,True
ENSMUSG00000023827,False
ENSMUSG00000023905,False
ENSMUSG00000023908,False
ENSMUSG00000023923,False
ENSMUSG00000023947,False
ENSMUSG00000023959,False
ENSMUSG00000023973,False
ENSMUSG00000023990,False
ENSMUSG00000024014,True
ENSMUSG00000024030,False
ENSMUSG00000024063,False
ENSMUSG00000024066,False
ENSMUSG00000024067,False
ENSMUSG00000024069,False
ENSMUSG00000024070,False
ENSMUSG00000024085,False
ENSMUSG00000024091,False
ENSMUSG00000024097,False
ENSMUSG00000024140,True
ENSMUSG00000024143,False
ENSMUSG00000024169,False
ENSMUSG00000024231,False
ENSMUSG00000024236,False
ENSMUSG00000024238,False
ENSMUSG00000024286,False
ENSMUSG00000024290,False
ENSMUSG00000024299,False
ENSMUSG00000024300,False
ENSMUSG00000024308,False
ENSMUSG00000024330,False
ENSMUSG00000024335,False
ENSMUSG00000024353,False
ENSMUSG00000024359,False
ENSMUSG00000024369,False
ENSMUSG00000024387,False
ENSMUSG00000024393,False
ENSMUSG00000024401,True
ENSMUSG00000024402,False
ENSMUSG00000024404,False
ENSMUSG00000024413,False
ENSMUSG00000024423,False
ENSMUSG00000024424,False
ENSMUSG00000024431,False
ENSMUSG00000024457,False
ENSMUSG00000024486,False
ENSMUSG00000024498,False
ENSMUSG00000024525,False
ENSMUSG00000024528,False
ENSMUSG00000024529,False
ENSMUSG00000024535,False
ENSMUSG00000024539,False
ENSMUSG00000024563,False
ENSMUSG00000024579,False
ENSMUSG00000024583,False
ENSMUSG00000024588,False
ENSMUSG00000024600,False
ENSMUSG00000024613,False
ENSMUSG00000024614,False
ENSMUSG00000024620,False
ENSMUSG00000024639,False
ENSMUSG00000024640,False
ENSMUSG00000024645,False
ENSMUSG00000024646,False
ENSMUSG00000024663,False
ENSMUSG00000024683,False
ENSMUSG00000024696,False
ENSMUSG00000024725,False
ENSMUSG00000024732,False
ENSMUSG00000024737,False
ENSMUSG00000024742,False
ENSMUSG00000024754,False
ENSMUSG00000024772,False
ENSMUSG00000024773,False
ENSMUSG00000024778,False
ENSMUSG00000024785,False
ENSMUSG00000024787,False
ENSMUSG00000024789,False
ENSMUSG00000024805,False
ENSMUSG00000024812,False
ENSMUSG00000024817,False
ENSMUSG00000024826,False
ENSMUSG00000024833,False
ENSMUSG00000024854,False
ENSMUSG00000024878,False
ENSMUSG00000024899,False
ENSMUSG00000024913,False
ENSMUSG00000024921,False
ENSMUSG00000024949,False
ENSMUSG00000024959,False
ENSMUSG00000024969,False
ENSMUSG00000024975,False
ENSMUSG00000024976,False
ENSMUSG00000024985,False
ENSMUSG00000024986,False
ENSMUSG00000025017,False
ENSMUSG00000025025,False
ENSMUSG00000025027,False
ENSMUSG00000025034,False
ENSMUSG00000025041,False
ENSMUSG00000025044,False
ENSMUSG00000025066,False
ENSMUSG00000025161,False
ENSMUSG00000025190,False
ENSMUSG00000025209,False
ENSMUSG00000025212,False
ENSMUSG00000025213,False
ENSMUSG00000025223,False
ENSMUSG00000025225,False
ENSMUSG00000025245,False
ENSMUSG00000025260,False
ENSMUSG00000025278,False
ENSMUSG00000025314,False
ENSMUSG00000025324,False
ENSMUSG00000025332,False
ENSMUSG00000025337,False
ENSMUSG00000025355,False
ENSMUSG00000025358,False
ENSMUSG00000025372,False
ENSMUSG00000025429,False
ENSMUSG00000025436,False
ENSMUSG00000025464,False
ENSMUSG00000025473,False
ENSMUSG00000025486,False
ENSMUSG00000025498,True
ENSMUSG00000025531,False
ENSMUSG00000025578,False
ENSMUSG00000025591,True
ENSMUSG00000025612,False
ENSMUSG00000025613,False
ENSMUSG00000025616,False
ENSMUSG00000025702,False
ENSMUSG00000025747,False
ENSMUSG00000025758,False
ENSMUSG00000025762,False
ENSMUSG00000025764,False
ENSMUSG00000025790,False
ENSMUSG00000025809,False
ENSMUSG00000025856,True
ENSMUSG00000025873,False
ENSMUSG00000025888,False
ENSMUSG00000025893,False
ENSMUSG00000025911,False
ENSMUSG00000025915,False
ENSMUSG00000025917,False
ENSMUSG00000025950,False
ENSMUSG00000025958,False
ENSMUSG00000025959,False
ENSMUSG00000025969,False
ENSMUSG00000025979,False
ENSMUSG00000025981,False
ENSMUSG00000026003,False
ENSMUSG00000026014,False
ENSMUSG00000026020,False
ENSMUSG00000026031,False
ENSMUSG00000026074,False
ENSMUSG00000026077,False
ENSMUSG00000026078,False
ENSMUSG00000026088,False
ENSMUSG00000026103,False
ENSMUSG00000026107,False
ENSMUSG00000026110,False
ENSMUSG00000026113,False
ENSMUSG00000026126,True
ENSMUSG00000026131,False
ENSMUSG00000026166,False
ENSMUSG00000026172,False
ENSMUSG00000026197,False
ENSMUSG00000026204,False
ENSMUSG00000026241,False
ENSMUSG00000026254,False
ENSMUSG00000026288,False
ENSMUSG00000026289,False
ENSMUSG00000026311,False
ENSMUSG00000026315,False
ENSMUSG00000026317,False
ENSMUSG00000026321,False
ENSMUSG00000026357,False
ENSMUSG00000026389,False
ENSMUSG00000026390,False
ENSMUSG00000026395,False
ENSMUSG00000026425,False
ENSMUSG00000026429,False
ENSMUSG00000026430,False
ENSMUSG00000026433,False
ENSMUSG00000026437,False
ENSMUSG00000026456,False
ENSMUSG00000026466,False
ENSMUSG00000026469,False
ENSMUSG00000026470,False
ENSMUSG00000026473,False
ENSMUSG00000026484,False
ENSMUSG00000026491,False
ENSMUSG00000026496,False
ENSMUSG00000026547,True
ENSMUSG00000026548,False
ENSMUSG00000026553,False
ENSMUSG00000026554,False
ENSMUSG00000026566,False
ENSMUSG00000026578,False
ENSMUSG00000026585,False
ENSMUSG00000026596,False
ENSMUSG00000026600,False
ENSMUSG00000026626,False
ENSMUSG00000026627,False
ENSMUSG00000026670,False
ENSMUSG00000026672,False
ENSMUSG00000026675,False
ENSMUSG00000026687,False
ENSMUSG00000026737,False
ENSMUSG00000026740,False
ENSMUSG00000026750,False
ENSMUSG00000026753,False
ENSMUSG00000026766,False
ENSMUSG00000026767,False
ENSMUSG00000026773,False
ENSMUSG00000026786,False
ENSMUSG00000026797,False
ENSMUSG00000026799,False
ENSMUSG00000026811,False
ENSMUSG00000026819,False
ENSMUSG00000026821,False
ENSMUSG00000026827,False
ENSMUSG00000026832,False
ENSMUSG00000026853,False
ENSMUSG00000026854,False
ENSMUSG00000026864,False
ENSMUSG00000026880,False
ENSMUSG00000026914,False
ENSMUSG00000026927,False
ENSMUSG00000026946,False
ENSMUSG00000026970,False
ENSMUSG00000026994,False
ENSMUSG00000027001,False
ENSMUSG00000027009,False
ENSMUSG00000027035,False
ENSMUSG00000027078,False
ENSMUSG00000027080,False
ENSMUSG00000027087,False
ENSMUSG00000027111,False
ENSMUSG00000027131,False
ENSMUSG00000027160,False
ENSMUSG00000027164,False
ENSMUSG00000027165,False
ENSMUSG00000027173,False
ENSMUSG00000027177,False
ENSMUSG00000027184,False
ENSMUSG00000027195,False
ENSMUSG00000027207,False
ENSMUSG00000027215,False
ENSMUSG00000027227,False
ENSMUSG00000027230,False
ENSMUSG00000027242,False
ENSMUSG00000027243,False
ENSMUSG00000027244,False
ENSMUSG00000027274,False
ENSMUSG00000027276,False
ENSMUSG00000027281,False
ENSMUSG00000027284,False
ENSMUSG00000027313,False
ENSMUSG00000027314,False
ENSMUSG00000027327,False
ENSMUSG00000027329,False
ENSMUSG00000027330,False
ENSMUSG00000027332,False
ENSMUSG00000027339,False
ENSMUSG00000027346,False
ENSMUSG00000027347,False
ENSMUSG00000027349,False
ENSMUSG00000027351,False
ENSMUSG00000027360,False
ENSMUSG00000027366,False
ENSMUSG00000027368,False
ENSMUSG00000027387,False
ENSMUSG00000027398,True
ENSMUSG00000027399,True
ENSMUSG00000027404,False
ENSMUSG00000027422,False
ENSMUSG00000027423,False
ENSMUSG00000027425,False
ENSMUSG00000027428,False
ENSMUSG00000027429,False
ENSMUSG00000027465,False
ENSMUSG00000027479,False
ENSMUSG00000027502,False
ENSMUSG00000027519,False
ENSMUSG00000027540,False
ENSMUSG00000027544,False
ENSMUSG00000027552,False
ENSMUSG00000027555,False
ENSMUSG00000027562,False
ENSMUSG00000027601,False
ENSMUSG00000027611,False
ENSMUSG00000027613,True
ENSMUSG00000027630,False
ENSMUSG00000027634,False
ENSMUSG00000027646,False
ENSMUSG00000027660,False
ENSMUSG00000027698,False
ENSMUSG00000027712,False
ENSMUSG00000027714,False
ENSMUSG00000027722,False
ENSMUSG00000027746,False
ENSMUSG00000027763,False
ENSMUSG00000027765,False
ENSMUSG00000027775,False
ENSMUSG00000027776,False
ENSMUSG00000027782,False
ENSMUSG00000027787,False
ENSMUSG00000027800,False
ENSMUSG00000027805,False
ENSMUSG00000027808,False
ENSMUSG00000027811,False
ENSMUSG00000027828,False
ENSMUSG00000027829,False
ENSMUSG00000027832,True
ENSMUSG00000027835,False
ENSMUSG00000027882,False
ENSMUSG00000027901,False
ENSMUSG00000027936,False
ENSMUSG00000027951,False
ENSMUSG00000027955,False
ENSMUSG00000027956,False
ENSMUSG00000027957,False
ENSMUSG00000027962,True
ENSMUSG00000027984,False
ENSMUSG00000027995,False
ENSMUSG00000028019,False
ENSMUSG00000028028,False
ENSMUSG00000028034,False
ENSMUSG00000028037,False
ENSMUSG00000028059,False
ENSMUSG00000028063,False
ENSMUSG00000028064,False
ENSMUSG00000028066,False
ENSMUSG00000028082,False
ENSMUSG00000028086,False
ENSMUSG00000028088,False
ENSMUSG00000028093,False
ENSMUSG00000028104,False
ENSMUSG00000028121,False
ENSMUSG00000028126,False
ENSMUSG00000028128,False
ENSMUSG00000028136,False
ENSMUSG00000028156,False
ENSMUSG00000028164,False
ENSMUSG00000028173,False
ENSMUSG00000028184,False
ENSMUSG00000028211,False
ENSMUSG00000028214,False
ENSMUSG00000028221,False
ENSMUSG00000028229,False
ENSMUSG00000028238,True
ENSMUSG00000028243,False
ENSMUSG00000028266,True
ENSMUSG00000028277,False
ENSMUSG00000028278,False
ENSMUSG00000028322,False
ENSMUSG00000028328,False
ENSMUSG00000028329,False
ENSMUSG00000028341,False
ENSMUSG00000028343,False
ENSMUSG00000028362,False
ENSMUSG00000028382,False
ENSMUSG00000028385,False
ENSMUSG00000028403,False
ENSMUSG00000028409,False
ENSMUSG00000028412,False
ENSMUSG00000028413,False
ENSMUSG00000028419,False
ENSMUSG00000028435,False
ENSMUSG00000028447,False
ENSMUSG00000028458,False
ENSMUSG00000028459,False
ENSMUSG00000028496,False
ENSMUSG00000028497,False
ENSMUSG00000028517,True
ENSMUSG00000028525,False
ENSMUSG00000028530,False
ENSMUSG00000028550,False
ENSMUSG00000028551,False
ENSMUSG00000028556,False
ENSMUSG00000028557,False
ENSMUSG00000028559,False
ENSMUSG00000028576,False
ENSMUSG00000028577,False
ENSMUSG00000028583,True
ENSMUSG00000028599,True
ENSMUSG00000028602,False
ENSMUSG00000028608,False
ENSMUSG00000028621,False
ENSMUSG00000028630,False
ENSMUSG00000028654,False
ENSMUSG00000028669,False
ENSMUSG00000028672,False
ENSMUSG00000028680,False
ENSMUSG00000028683,False
ENSMUSG00000028684,False
ENSMUSG00000028693,False
ENSMUSG00000028700,False
ENSMUSG00000028708,False
ENSMUSG00000028737,False
ENSMUSG00000028741,False
ENSMUSG00000028744,False
ENSMUSG00000028756,False
ENSMUSG00000028771,False
ENSMUSG00000028780,False
ENSMUSG00000028793,False
ENSMUSG00000028799,False
ENSMUSG00000028803,False
ENSMUSG00000028821,False
ENSMUSG00000028826,False
ENSMUSG00000028847,False
ENSMUSG00000028848,False
ENSMUSG00000028850,False
ENSMUSG00000028859,False
ENSMUSG00000028862,False
ENSMUSG00000028879,False
ENSMUSG00000028885,False
ENSMUSG00000028902,False
ENSMUSG00000028906,False
ENSMUSG00000028907,False
ENSMUSG00000028914,False
ENSMUSG00000028917,False
ENSMUSG00000028927,False
ENSMUSG00000028937,False
ENSMUSG00000028944,False
ENSMUSG00000028945,False
ENSMUSG00000028954,False
ENSMUSG00000028955,False
ENSMUSG00000028958,False
ENSMUSG00000028973,False
ENSMUSG00000028990,False
ENSMUSG00000028995,False
ENSMUSG00000029007,False
ENSMUSG00000029009,False
ENSMUSG00000029016,False
ENSMUSG00000029068,False
ENSMUSG00000029082,False
ENSMUSG00000029084,False
ENSMUSG00000029098,False
ENSMUSG00000029108,False
ENSMUSG00000029131,False
ENSMUSG00000029135,False
ENSMUSG00000029169,False
ENSMUSG00000029174,False
ENSMUSG00000029175,False
ENSMUSG00000029177,False
ENSMUSG00000029178,False
ENSMUSG00000029192,False
ENSMUSG00000029201,False
ENSMUSG00000029207,False
ENSMUSG00000029209,False
ENSMUSG00000029213,False
ENSMUSG00000029217,False
ENSMUSG00000029221,False
ENSMUSG00000029229,False
ENSMUSG00000029267,False
ENSMUSG00000029275,False
ENSMUSG00000029304,True
ENSMUSG00000029310,False
ENSMUSG00000029313,False
ENSMUSG00000029330,False
ENSMUSG00000029333,False
ENSMUSG00000029366,False
ENSMUSG00000029376,False
ENSMUSG00000029377,True
ENSMUSG00000029385,False
ENSMUSG00000029415,False
ENSMUSG00000029416,False
ENSMUSG00000029417,False
ENSMUSG00000029422,False
ENSMUSG00000029449,False
ENSMUSG00000029461,False
ENSMUSG00000029463,False
ENSMUSG00000029464,False
ENSMUSG00000029467,False
ENSMUSG00000029468,False
ENSMUSG00000029471,False
ENSMUSG00000029490,False
ENSMUSG00000029500,False
ENSMUSG00000029505,False
ENSMUSG00000029512,False
ENSMUSG00000029534,False
ENSMUSG00000029545,False
ENSMUSG00000029553,False
ENSMUSG00000029569,False
ENSMUSG00000029570,False
ENSMUSG00000029571,False
ENSMUSG00000029580,False
ENSMUSG00000029587,False
ENSMUSG00000029591,False
ENSMUSG00000029616,False
ENSMUSG00000029617,False
ENSMUSG00000029629,False
ENSMUSG00000029648,False
ENSMUSG00000029650,False
ENSMUSG00000029657,False
ENSMUSG00000029672,False
ENSMUSG00000029674,False
ENSMUSG00000029684,False
ENSMUSG00000029715,False
ENSMUSG00000029722,False
ENSMUSG00000029752,False
ENSMUSG00000029767,False
ENSMUSG00000029777,False
ENSMUSG00000029780,False
ENSMUSG00000029804,False
ENSMUSG00000029817,False
ENSMUSG00000029821,False
ENSMUSG00000029822,False
ENSMUSG00000029826,False
ENSMUSG00000029910,False
ENSMUSG00000029915,False
ENSMUSG00000029919,False
ENSMUSG00000029998,False
ENSMUSG00000030007,False
ENSMUSG00000030047,False
ENSMUSG00000030051,False
ENSMUSG00000030061,False
ENSMUSG00000030064,False
ENSMUSG00000030067,False
ENSMUSG00000030083,False
ENSMUSG00000030089,False
ENSMUSG00000030094,False
ENSMUSG00000030095,False
ENSMUSG00000030105,True
ENSMUSG00000030107,False
ENSMUSG00000030109,False
ENSMUSG00000030126,True
ENSMUSG00000030156,True
ENSMUSG00000030159,False
ENSMUSG00000030162,True
ENSMUSG00000030188,False
ENSMUSG00000030189,False
ENSMUSG00000030199,False
ENSMUSG00000030203,False
ENSMUSG00000030213,False
ENSMUSG00000030232,False
ENSMUSG00000030243,False
ENSMUSG00000030259,False
ENSMUSG00000030269,False
ENSMUSG00000030271,False
ENSMUSG00000030272,False
ENSMUSG00000030282,False
ENSMUSG00000030304,False
ENSMUSG00000030314,False
ENSMUSG00000030315,False
ENSMUSG00000030316,False
ENSMUSG00000030341,False
ENSMUSG00000030357,False
ENSMUSG00000030421,False
ENSMUSG00000030423,False
ENSMUSG00000030447,False
ENSMUSG00000030512,False
ENSMUSG00000030515,False
ENSMUSG00000030522,False
ENSMUSG00000030530,False
ENSMUSG00000030560,True
ENSMUSG00000030589,False
ENSMUSG00000030590,False
ENSMUSG00000030595,False
ENSMUSG00000030609,False
ENSMUSG00000030612,False
ENSMUSG00000030629,False
ENSMUSG00000030681,False
ENSMUSG00000030691,False
ENSMUSG00000030704,False
ENSMUSG00000030707,False
ENSMUSG00000030714,False
ENSMUSG00000030729,False
ENSMUSG00000030741,False
ENSMUSG00000030748,False
ENSMUSG00000030761,False
ENSMUSG00000030774,False
ENSMUSG00000030788,False
ENSMUSG00000030789,False
ENSMUSG00000030790,True
ENSMUSG00000030795,False
ENSMUSG00000030802,False
ENSMUSG00000030805,False
ENSMUSG00000030830,False
ENSMUSG00000030844,False
ENSMUSG00000030847,False
ENSMUSG00000030852,False
ENSMUSG00000030879,False
ENSMUSG00000030922,False
ENSMUSG00000030956,False
ENSMUSG00000030978,False
ENSMUSG00000030986,False
ENSMUSG00000031004,False
ENSMUSG00000031010,False
ENSMUSG00000031021,False
ENSMUSG00000031101,False
ENSMUSG00000031107,False
ENSMUSG00000031133,False
ENSMUSG00000031154,False
ENSMUSG00000031207,False
ENSMUSG00000031278,False
ENSMUSG00000031292,False
ENSMUSG00000031295,False
ENSMUSG00000031337,False
ENSMUSG00000031352,False
ENSMUSG00000031360,False
ENSMUSG00000031378,False
ENSMUSG00000031388,False
ENSMUSG00000031389,False
ENSMUSG00000031392,False
ENSMUSG00000031393,False
ENSMUSG00000031422,False
ENSMUSG00000031438,True
ENSMUSG00000031453,False
ENSMUSG00000031458,False
ENSMUSG00000031465,False
ENSMUSG00000031488,False
ENSMUSG00000031502,False
ENSMUSG00000031503,False
ENSMUSG00000031508,False
ENSMUSG00000031520,False
ENSMUSG00000031530,False
ENSMUSG00000031537,False
ENSMUSG00000031555,False
ENSMUSG00000031556,False
ENSMUSG00000031565,False
ENSMUSG00000031568,False
ENSMUSG00000031578,False
ENSMUSG00000031584,False
ENSMUSG00000031586,False
ENSMUSG00000031595,False
ENSMUSG00000031596,True
ENSMUSG00000031609,False
ENSMUSG00000031617,False
ENSMUSG00000031622,False
ENSMUSG00000031627,False
ENSMUSG00000031639,False
ENSMUSG00000031644,False
ENSMUSG00000031652,False
ENSMUSG00000031659,False
ENSMUSG00000031662,False
ENSMUSG00000031666,False
ENSMUSG00000031668,False
ENSMUSG00000031701,False
ENSMUSG00000031706,False
ENSMUSG00000031711,False
ENSMUSG00000031712,False
ENSMUSG00000031722,True
ENSMUSG00000031729,False
ENSMUSG00000031740,False
ENSMUSG00000031779,False
ENSMUSG00000031780,False
ENSMUSG00000031781,False
ENSMUSG00000031782,False
ENSMUSG00000031783,False
ENSMUSG00000031787,False
ENSMUSG00000031788,False
ENSMUSG00000031796,False
ENSMUSG00000031799,True
ENSMUSG00000031824,False
ENSMUSG00000031851,False
ENSMUSG00000031862,False
ENSMUSG00000031901,False
ENSMUSG00000031902,False
ENSMUSG00000031913,False
ENSMUSG00000031938,False
ENSMUSG00000031948,False
ENSMUSG00000031959,False
ENSMUSG00000031971,False
ENSMUSG00000031985,False
ENSMUSG00000032000,False
ENSMUSG00000032002,False
ENSMUSG00000032014,False
ENSMUSG00000032020,False
ENSMUSG00000032024,True
ENSMUSG00000032038,False
ENSMUSG00000032042,False
ENSMUSG00000032050,False
ENSMUSG00000032066,False
ENSMUSG00000032109,False
ENSMUSG00000032119,False
ENSMUSG00000032120,False
ENSMUSG00000032121,False
ENSMUSG00000032122,False
ENSMUSG00000032126,False
ENSMUSG00000032193,False
ENSMUSG00000032204,False
ENSMUSG00000032215,False
ENSMUSG00000032220,False
ENSMUSG00000032231,True
ENSMUSG00000032245,False
ENSMUSG00000032251,False
ENSMUSG00000032254,False
ENSMUSG00000032265,False
ENSMUSG00000032288,False
ENSMUSG00000032290,False
ENSMUSG00000032300,False
ENSMUSG00000032301,False
ENSMUSG00000032307,False
ENSMUSG00000032308,False
ENSMUSG00000032312,False
ENSMUSG00000032316,False
ENSMUSG00000032322,False
ENSMUSG00000032330,False
ENSMUSG00000032344,False
ENSMUSG00000032349,False
ENSMUSG00000032363,False
ENSMUSG00000032370,False
ENSMUSG00000032377,False
ENSMUSG00000032407,False
ENSMUSG00000032410,False
ENSMUSG00000032411,False
ENSMUSG00000032413,False
ENSMUSG00000032417,False
ENSMUSG00000032422,False
ENSMUSG00000032423,False
ENSMUSG00000032434,False
ENSMUSG00000032435,False
ENSMUSG00000032440,False
ENSMUSG00000032459,False
ENSMUSG00000032468,False
ENSMUSG00000032475,False
ENSMUSG00000032479,False
ENSMUSG00000032485,False
ENSMUSG00000032497,False
ENSMUSG00000032501,False
ENSMUSG00000032512,False
ENSMUSG00000032513,False
ENSMUSG00000032515,False
ENSMUSG00000032557,False
ENSMUSG00000032560,False
ENSMUSG00000032561,True
ENSMUSG00000032563,False
ENSMUSG00000032575,False
ENSMUSG00000032577,False
ENSMUSG00000032578,False
ENSMUSG00000032583,False
ENSMUSG00000032596,False
ENSMUSG00000032598,False
ENSMUSG00000032601,False
ENSMUSG00000032606,False
ENSMUSG00000032624,False
ENSMUSG00000032673,False
ENSMUSG00000032688,False
ENSMUSG00000032690,False
ENSMUSG00000032691,False
ENSMUSG00000032724,False
ENSMUSG00000032727,False
ENSMUSG00000032737,False
ENSMUSG00000032740,False
ENSMUSG00000032741,False
ENSMUSG00000032745,False
ENSMUSG00000032754,False
ENSMUSG00000032777,False
ENSMUSG00000032782,False
ENSMUSG00000032812,False
ENSMUSG00000032834,False
ENSMUSG00000032841,False
ENSMUSG00000032855,False
ENSMUSG00000032883,False
ENSMUSG00000032898,False
ENSMUSG00000032932,False
ENSMUSG00000032965,False
ENSMUSG00000032977,False
ENSMUSG00000033032,False
ENSMUSG00000033033,False
ENSMUSG00000033039,False
ENSMUSG00000033059,False
ENSMUSG00000033066,False
ENSMUSG00000033068,False
ENSMUSG00000033082,False
ENSMUSG00000033102,False
ENSMUSG00000033192,False
ENSMUSG00000033220,False
ENSMUSG00000033294,False
ENSMUSG00000033326,True
ENSMUSG00000033352,False
ENSMUSG00000033400,False
ENSMUSG00000033446,False
ENSMUSG00000033454,False
ENSMUSG00000033499,False
ENSMUSG00000033502,False
ENSMUSG00000033538,False
ENSMUSG00000033557,False
ENSMUSG00000033565,False
ENSMUSG00000033581,False
ENSMUSG00000033610,False
ENSMUSG00000033623,False
ENSMUSG00000033671,False
ENSMUSG00000033705,False
ENSMUSG00000033706,False
ENSMUSG00000033781,False
ENSMUSG00000033799,False
ENSMUSG00000033857,False
ENSMUSG00000033871,False
ENSMUSG00000033916,False
ENSMUSG00000033949,False
ENSMUSG00000033985,False
ENSMUSG00000034024,False
ENSMUSG00000034059,False
ENSMUSG00000034118,False
ENSMUSG00000034154,False
ENSMUSG00000034157,False
ENSMUSG00000034158,False
ENSMUSG00000034160,False
ENSMUSG00000034168,False
ENSMUSG00000034216,False
ENSMUSG00000034226,False
ENSMUSG00000034247,False
ENSMUSG00000034248,False
ENSMUSG00000034255,False
ENSMUSG00000034265,False
ENSMUSG00000034266,False
ENSMUSG00000034290,False
ENSMUSG00000034312,False
ENSMUSG00000034353,False
ENSMUSG00000034354,False
ENSMUSG00000034422,False
ENSMUSG00000034432,False
ENSMUSG00000034442,False
ENSMUSG00000034480,False
ENSMUSG00000034487,False
ENSMUSG00000034522,False
ENSMUSG00000034563,False
ENSMUSG00000034574,False
ENSMUSG00000034575,False
ENSMUSG00000034591,False
ENSMUSG00000034593,False
ENSMUSG00000034612,False
ENSMUSG00000034620,False
ENSMUSG00000034640,False
ENSMUSG00000034653,False
ENSMUSG00000034673,False
ENSMUSG00000034674,False
ENSMUSG00000034709,False
ENSMUSG00000034714,True
ENSMUSG00000034723,False
ENSMUSG00000034724,False
ENSMUSG00000034744,False
ENSMUSG00000034783,False
ENSMUSG00000034795,False
ENSMUSG00000034832,False
ENSMUSG00000034842,False
ENSMUSG00000034855,True
ENSMUSG00000034858,False
ENSMUSG00000034951,False
ENSMUSG00000034957,False
ENSMUSG00000034998,False
ENSMUSG00000035004,False
ENSMUSG00000035021,False
ENSMUSG00000035024,False
ENSMUSG00000035042,True
ENSMUSG00000035047,False
ENSMUSG00000035062,False
ENSMUSG00000035064,False
ENSMUSG00000035069,False
ENSMUSG00000035086,False
ENSMUSG00000035150,False
ENSMUSG00000035152,False
ENSMUSG00000035158,False
ENSMUSG00000035164,False
ENSMUSG00000035181,False
ENSMUSG00000035235,False
ENSMUSG00000035236,False
ENSMUSG00000035248,False
ENSMUSG00000035268,False
ENSMUSG00000035274,False
ENSMUSG00000035284,False
ENSMUSG00000035314,False
ENSMUSG00000035356,False
ENSMUSG00000035376,False
ENSMUSG00000035385,True
ENSMUSG00000035401,False
ENSMUSG00000035439,False
ENSMUSG00000035493,True
ENSMUSG00000035505,False
ENSMUSG00000035517,False
ENSMUSG00000035529,False
ENSMUSG00000035614,False
ENSMUSG00000035629,False
ENSMUSG00000035642,False
ENSMUSG00000035666,False
ENSMUSG00000035692,True
ENSMUSG00000035713,False
ENSMUSG00000035735,False
ENSMUSG00000035759,False
ENSMUSG00000035778,False
ENSMUSG00000035790,False
ENSMUSG00000035834,False
ENSMUSG00000035840,False
ENSMUSG00000035901,False
ENSMUSG00000035941,False
ENSMUSG00000035958,False
ENSMUSG00000035967,False
ENSMUSG00000036023,False
ENSMUSG00000036052,False
ENSMUSG00000036053,False
ENSMUSG00000036078,False
ENSMUSG00000036086,False
ENSMUSG00000036087,False
ENSMUSG00000036155,False
ENSMUSG00000036256,False
ENSMUSG00000036273,False
ENSMUSG00000036275,False
ENSMUSG00000036362,False
ENSMUSG00000036371,False
ENSMUSG00000036381,False
ENSMUSG00000036442,False
ENSMUSG00000036452,False
ENSMUSG00000036469,False
ENSMUSG00000036499,False
ENSMUSG00000036555,False
ENSMUSG00000036565,False
ENSMUSG00000036568,False
ENSMUSG00000036572,False
ENSMUSG00000036599,False
ENSMUSG00000036613,False
ENSMUSG00000036617,False
ENSMUSG00000036644,False
ENSMUSG00000036661,False
ENSMUSG00000036698,False
ENSMUSG00000036712,False
ENSMUSG00000036764,False
ENSMUSG00000036864,False
ENSMUSG00000036879,False
ENSMUSG00000036880,False
ENSMUSG00000036918,False
ENSMUSG00000036932,False
ENSMUSG00000036977,False
ENSMUSG00000036985,False
ENSMUSG00000036986,False
ENSMUSG00000036990,False
ENSMUSG00000037049,False
ENSMUSG00000037062,False
ENSMUSG00000037111,False
ENSMUSG00000037151,False
ENSMUSG00000037197,False
ENSMUSG00000037211,False
ENSMUSG00000037224,False
ENSMUSG00000037235,False
ENSMUSG00000037242,True
ENSMUSG00000037257,False
ENSMUSG00000037270,False
ENSMUSG00000037295,False
ENSMUSG00000037306,False
ENSMUSG00000037316,False
ENSMUSG00000037318,False
ENSMUSG00000037337,False
ENSMUSG00000037344,False
ENSMUSG00000037361,False
ENSMUSG00000037366,False
ENSMUSG00000037395,False
ENSMUSG00000037405,False
ENSMUSG00000037408,False
ENSMUSG00000037411,True
ENSMUSG00000037419,False
ENSMUSG00000037426,False
ENSMUSG00000037434,False
ENSMUSG00000037447,False
ENSMUSG00000037493,False
ENSMUSG00000037523,False
ENSMUSG00000037526,False
ENSMUSG00000037553,False
ENSMUSG00000037568,False
ENSMUSG00000037572,False
ENSMUSG00000037661,False
ENSMUSG00000037692,False
ENSMUSG00000037697,True
ENSMUSG00000037752,False
ENSMUSG00000037815,False
ENSMUSG00000037820,False
ENSMUSG00000037824,False
ENSMUSG00000037876,False
ENSMUSG00000037885,False
ENSMUSG00000037896,False
ENSMUSG00000037905,False
ENSMUSG00000037921,False
ENSMUSG00000037936,False
ENSMUSG00000037965,False
ENSMUSG00000037971,False
ENSMUSG00000037991,False
ENSMUSG00000037992,False
ENSMUSG00000037993,False
ENSMUSG00000037997,False
ENSMUSG00000038000,False
ENSMUSG00000038024,False
ENSMUSG00000038034,False
ENSMUSG00000038037,True
ENSMUSG00000038058,False
ENSMUSG00000038068,False
ENSMUSG00000038072,False
ENSMUSG00000038116,False
ENSMUSG00000038127,False
ENSMUSG00000038145,False
ENSMUSG00000038172,False
ENSMUSG00000038175,False
ENSMUSG00000038178,True
ENSMUSG00000038179,False
ENSMUSG00000038206,False
ENSMUSG00000038213,False
ENSMUSG00000038215,False
ENSMUSG00000038235,False
ENSMUSG00000038252,False
ENSMUSG00000038290,False
ENSMUSG00000038299,False
ENSMUSG00000038301,False
ENSMUSG00000038332,False
ENSMUSG00000038349,False
ENSMUSG00000038351,False
ENSMUSG00000038370,False
ENSMUSG00000038393,False
ENSMUSG00000038412,False
ENSMUSG00000038459,False
ENSMUSG00000038467,False
ENSMUSG00000038481,False
ENSMUSG00000038510,False
ENSMUSG00000038517,False
ENSMUSG00000038518,False
ENSMUSG00000038542,False
ENSMUSG00000038546,False
ENSMUSG00000038594,False
ENSMUSG00000038615,False
ENSMUSG00000038648,False
ENSMUSG00000038679,False
ENSMUSG00000038683,False
ENSMUSG00000038712,False
ENSMUSG00000038718,False
ENSMUSG00000038722,False
ENSMUSG00000038733,False
ENSMUSG00000038740,False
ENSMUSG00000038742,False
ENSMUSG00000038766,False
ENSMUSG00000038806,False
ENSMUSG00000038838,False
ENSMUSG00000038843,False
ENSMUSG00000038866,False
ENSMUSG00000038884,False
ENSMUSG00000038886,False
ENSMUSG00000038902,False
ENSMUSG00000038910,False
ENSMUSG00000038949,False
ENSMUSG00000038967,False
ENSMUSG00000039018,False
ENSMUSG00000039067,False
ENSMUSG00000039087,False
ENSMUSG00000039089,False
ENSMUSG00000039116,False
ENSMUSG00000039153,False
ENSMUSG00000039156,False
ENSMUSG00000039157,False
ENSMUSG00000039202,False
ENSMUSG00000039206,False
ENSMUSG00000039217,False
ENSMUSG00000039220,False
ENSMUSG00000039232,False
ENSMUSG00000039236,False
ENSMUSG00000039304,False
ENSMUSG00000039318,False
ENSMUSG00000039356,False
ENSMUSG00000039357,False
ENSMUSG00000039361,False
ENSMUSG00000039382,False
ENSMUSG00000039395,False
ENSMUSG00000039428,False
ENSMUSG00000039431,False
ENSMUSG00000039456,False
ENSMUSG00000039463,False
ENSMUSG00000039470,False
ENSMUSG00000039478,False
ENSMUSG00000039497,False
ENSMUSG00000039512,False
ENSMUSG00000039515,False
ENSMUSG00000039536,False
ENSMUSG00000039656,False
ENSMUSG00000039671,False
ENSMUSG00000039678,False
ENSMUSG00000039680,False
ENSMUSG00000039686,False
ENSMUSG00000039697,False
ENSMUSG00000039699,False
ENSMUSG00000039703,False
ENSMUSG00000039715,False
ENSMUSG00000039735,False
ENSMUSG00000039737,False
ENSMUSG00000039740,False
ENSMUSG00000039753,False
ENSMUSG00000039759,False
ENSMUSG00000039763,False
ENSMUSG00000039770,False
ENSMUSG00000039774,False
ENSMUSG00000039787,False
ENSMUSG00000039795,False
ENSMUSG00000039801,False
ENSMUSG00000039804,False
ENSMUSG00000039813,False
ENSMUSG00000039841,False
ENSMUSG00000039842,False
ENSMUSG00000039852,False
ENSMUSG00000039873,False
ENSMUSG00000039891,False
ENSMUSG00000039952,False
ENSMUSG00000039959,False
ENSMUSG00000039981,False
ENSMUSG00000039982,False
ENSMUSG00000039983,False
ENSMUSG00000039987,False
ENSMUSG00000039994,False
ENSMUSG00000040006,False
ENSMUSG00000040007,False
ENSMUSG00000040021,False
ENSMUSG00000040025,False
ENSMUSG00000040028,False
ENSMUSG00000040061,False
ENSMUSG00000040102,False
ENSMUSG00000040112,False
ENSMUSG00000040128,False
ENSMUSG00000040151,False
ENSMUSG00000040152,True
ENSMUSG00000040174,False
ENSMUSG00000040209,False
ENSMUSG00000040247,False
ENSMUSG00000040270,False
ENSMUSG00000040274,False
ENSMUSG00000040282,False
ENSMUSG00000040322,False
ENSMUSG00000040325,False
ENSMUSG00000040331,False
ENSMUSG00000040339,False
ENSMUSG00000040350,False
ENSMUSG00000040351,False
ENSMUSG00000040363,False
ENSMUSG00000040390,False
ENSMUSG00000040428,False
ENSMUSG00000040435,False
ENSMUSG00000040451,False
ENSMUSG00000040463,False
ENSMUSG00000040479,False
ENSMUSG00000040483,False
ENSMUSG00000040532,False
ENSMUSG00000040548,False
ENSMUSG00000040552,True
ENSMUSG00000040560,False
ENSMUSG00000040592,False
ENSMUSG00000040616,False
ENSMUSG00000040648,False
ENSMUSG00000040659,False
ENSMUSG00000040663,False
ENSMUSG00000040687,False
ENSMUSG00000040710,False
ENSMUSG00000040711,False
ENSMUSG00000040723,False
ENSMUSG00000040747,True
ENSMUSG00000040774,False
ENSMUSG00000040782,False
ENSMUSG00000040785,False
ENSMUSG00000040811,False
ENSMUSG00000040818,False
ENSMUSG00000040820,False
ENSMUSG00000040829,False
ENSMUSG00000040842,False
ENSMUSG00000040855,False
ENSMUSG00000040913,False
ENSMUSG00000040940,False
ENSMUSG00000040943,False
ENSMUSG00000040945,False
ENSMUSG00000040963,False
ENSMUSG00000040964,False
ENSMUSG00000040997,False
ENSMUSG00000041040,False
ENSMUSG00000041058,False
ENSMUSG00000041115,False
ENSMUSG00000041126,False
ENSMUSG00000041153,False
ENSMUSG00000041203,False
ENSMUSG00000041268,False
ENSMUSG00000041278,False
ENSMUSG00000041313,False
ENSMUSG00000041324,True
ENSMUSG00000041341,False
ENSMUSG00000041354,False
ENSMUSG00000041355,False
ENSMUSG00000041362,False
ENSMUSG00000041390,False
ENSMUSG00000041426,False
ENSMUSG00000041439,False
ENSMUSG00000041471,False
ENSMUSG00000041483,False
ENSMUSG00000041506,False
ENSMUSG00000041629,False
ENSMUSG00000041642,False
ENSMUSG00000041685,False
ENSMUSG00000041695,False
ENSMUSG00000041707,False
ENSMUSG00000041736,False
ENSMUSG00000041773,False
ENSMUSG00000041774,False
ENSMUSG00000041777,False
ENSMUSG00000041779,False
ENSMUSG00000041782,False
ENSMUSG00000041815,False
ENSMUSG00000041827,True
ENSMUSG00000041886,False
ENSMUSG00000041966,False
ENSMUSG00000041975,False
ENSMUSG00000042015,False
ENSMUSG00000042035,False
ENSMUSG00000042042,False
ENSMUSG00000042046,False
ENSMUSG00000042050,False
ENSMUSG00000042073,False
ENSMUSG00000042099,False
ENSMUSG00000042105,False
ENSMUSG00000042133,False
ENSMUSG00000042167,False
ENSMUSG00000042178,False
ENSMUSG00000042225,False
ENSMUSG00000042228,False
ENSMUSG00000042249,False
ENSMUSG00000042284,False
ENSMUSG00000042286,False
ENSMUSG00000042292,False
ENSMUSG00000042298,False
ENSMUSG00000042305,False
ENSMUSG00000042350,False
ENSMUSG00000042396,False
ENSMUSG00000042419,False
ENSMUSG00000042423,False
ENSMUSG00000042462,False
ENSMUSG00000042500,False
ENSMUSG00000042508,False
ENSMUSG00000042541,False
ENSMUSG00000042595,False
ENSMUSG00000042606,False
ENSMUSG00000042608,False
ENSMUSG00000042622,False
ENSMUSG00000042659,False
ENSMUSG00000042675,False
ENSMUSG00000042688,False
ENSMUSG00000042700,False
ENSMUSG00000042719,False
ENSMUSG00000042726,False
ENSMUSG00000042729,False
ENSMUSG00000042751,False
ENSMUSG00000042759,False
ENSMUSG00000042770,False
ENSMUSG00000042772,False
ENSMUSG00000042790,False
ENSMUSG00000042901,False
ENSMUSG00000042903,False
ENSMUSG00000043004,False
ENSMUSG00000043008,False
ENSMUSG00000043015,False
ENSMUSG00000043065,False
ENSMUSG00000043131,False
ENSMUSG00000043157,False
ENSMUSG00000043336,False
ENSMUSG00000043411,False
ENSMUSG00000043419,False
ENSMUSG00000043535,False
ENSMUSG00000043542,False
ENSMUSG00000043613,False
ENSMUSG00000043733,False
ENSMUSG00000043953,True
ENSMUSG00000043964,False
ENSMUSG00000043987,False
ENSMUSG00000044147,False
ENSMUSG00000044150,False
ENSMUSG00000044167,False
ENSMUSG00000044224,False
ENSMUSG00000044244,False
ENSMUSG00000044337,False
ENSMUSG00000044340,False
ENSMUSG00000044350,False
ENSMUSG00000044408,False
ENSMUSG00000044477,False
ENSMUSG00000044629,False
ENSMUSG00000044701,True
ENSMUSG00000044702,False
ENSMUSG00000044712,False
ENSMUSG00000044783,False
ENSMUSG00000044813,False
ENSMUSG00000044827,False
ENSMUSG00000044894,False
ENSMUSG00000044949,False
ENSMUSG00000044986,False
ENSMUSG00000045005,False
ENSMUSG00000045216,False
ENSMUSG00000045374,False
ENSMUSG00000045382,False
ENSMUSG00000045502,False
ENSMUSG00000045573,True
ENSMUSG00000045624,False
ENSMUSG00000045664,False
ENSMUSG00000045671,False
ENSMUSG00000045725,False
ENSMUSG00000045795,False
ENSMUSG00000045932,True
ENSMUSG00000045975,False
ENSMUSG00000045980,False
ENSMUSG00000046027,False
ENSMUSG00000046062,False
ENSMUSG00000046179,False
ENSMUSG00000046207,False
ENSMUSG00000046223,True
ENSMUSG00000046229,False
ENSMUSG00000046314,False
ENSMUSG00000046417,False
ENSMUSG00000046519,False
ENSMUSG00000046671,False
ENSMUSG00000046679,False
ENSMUSG00000046727,False
ENSMUSG00000046806,False
ENSMUSG00000046826,False
ENSMUSG00000046861,False
ENSMUSG00000046949,False
ENSMUSG00000046982,False
ENSMUSG00000046985,False
ENSMUSG00000047090,False
ENSMUSG00000047098,False
ENSMUSG00000047180,False
ENSMUSG00000047248,False
ENSMUSG00000047250,False
ENSMUSG00000047412,False
ENSMUSG00000047454,False
ENSMUSG00000047473,False
ENSMUSG00000047635,False
ENSMUSG00000047648,False
ENSMUSG00000047747,False
ENSMUSG00000047789,False
ENSMUSG00000047793,False
ENSMUSG00000047804,False
ENSMUSG00000047888,False
ENSMUSG00000047986,False
ENSMUSG00000048058,False
ENSMUSG00000048076,False
ENSMUSG00000048216,False
ENSMUSG00000048234,False
ENSMUSG00000048249,False
ENSMUSG00000048264,False
ENSMUSG00000048279,False
ENSMUSG00000048285,False
ENSMUSG00000048327,False
ENSMUSG00000048490,False
ENSMUSG00000048578,False
ENSMUSG00000048661,False
ENSMUSG00000048756,False
ENSMUSG00000048787,False
ENSMUSG00000048806,False
ENSMUSG00000048807,False
ENSMUSG00000048865,False
ENSMUSG00000048878,False
ENSMUSG00000049047,False
ENSMUSG00000049106,False
ENSMUSG00000049119,False
ENSMUSG00000049225,False
ENSMUSG00000049299,False
ENSMUSG00000049502,False
ENSMUSG00000049624,False
ENSMUSG00000049643,False
ENSMUSG00000049658,False
ENSMUSG00000049659,False
ENSMUSG00000049800,False
ENSMUSG00000049811,False
ENSMUSG00000050002,False
ENSMUSG00000050017,False
ENSMUSG00000050029,False
ENSMUSG00000050107,False
ENSMUSG00000050108,False
ENSMUSG00000050174,False
ENSMUSG00000050270,False
ENSMUSG00000050271,False
ENSMUSG00000050310,False
ENSMUSG00000050370,True
ENSMUSG00000050373,False
ENSMUSG00000050390,False
ENSMUSG00000050395,True
ENSMUSG00000050552,False
ENSMUSG00000050578,True
ENSMUSG00000050592,False
ENSMUSG00000050627,False
ENSMUSG00000050721,False
ENSMUSG00000050732,False
ENSMUSG00000050812,False
ENSMUSG00000050931,False
ENSMUSG00000050994,False
ENSMUSG00000051098,False
ENSMUSG00000051169,False
ENSMUSG00000051185,False
ENSMUSG00000051223,False
ENSMUSG00000051306,False
ENSMUSG00000051316,False
ENSMUSG00000051335,False
ENSMUSG00000051339,False
ENSMUSG00000051343,False
ENSMUSG00000051344,False
ENSMUSG00000051367,False
ENSMUSG00000051379,False
ENSMUSG00000051391,False
ENSMUSG00000051439,True
ENSMUSG00000051498,False
ENSMUSG00000051671,False
ENSMUSG00000051674,False
ENSMUSG00000051768,False
ENSMUSG00000051989,False
ENSMUSG00000052033,False
ENSMUSG00000052102,False
ENSMUSG00000052142,False
ENSMUSG00000052151,False
ENSMUSG00000052296,False
ENSMUSG00000052298,False
ENSMUSG00000052397,False
ENSMUSG00000052557,False
ENSMUSG00000052609,False
ENSMUSG00000052684,False
ENSMUSG00000052783,False
ENSMUSG00000052821,False
ENSMUSG00000052917,False
ENSMUSG00000052962,False
ENSMUSG00000053063,False
ENSMUSG00000053094,False
ENSMUSG00000053101,False
ENSMUSG00000053113,False
ENSMUSG00000053175,False
ENSMUSG00000053192,False
ENSMUSG00000053318,False
ENSMUSG00000053411,False
ENSMUSG00000053436,False
ENSMUSG00000053475,False
ENSMUSG00000053477,False
ENSMUSG00000053559,False
ENSMUSG00000053580,False
ENSMUSG00000053641,False
ENSMUSG00000053716,False
ENSMUSG00000053801,False
ENSMUSG00000053819,False
ENSMUSG00000053846,False
ENSMUSG00000053886,False
ENSMUSG00000053898,False
ENSMUSG00000053929,False
ENSMUSG00000053965,False
ENSMUSG00000054051,False
ENSMUSG00000054387,False
ENSMUSG00000054414,False
ENSMUSG00000054499,False
ENSMUSG00000054676,False
ENSMUSG00000054720,False
ENSMUSG00000054752,False
ENSMUSG00000054808,False
ENSMUSG00000054855,True
ENSMUSG00000054893,False
ENSMUSG00000055204,False
ENSMUSG00000055319,False
ENSMUSG00000055320,False
ENSMUSG00000055322,False
ENSMUSG00000055371,False
ENSMUSG00000055447,False
ENSMUSG00000055805,False
ENSMUSG00000056069,False
ENSMUSG00000056091,False
ENSMUSG00000056153,False
ENSMUSG00000056209,False
ENSMUSG00000056211,False
ENSMUSG00000056216,False
ENSMUSG00000056220,False
ENSMUSG00000056498,False
ENSMUSG00000056515,False
ENSMUSG00000056602,False
ENSMUSG00000056692,False
ENSMUSG00000056698,False
ENSMUSG00000056763,False
ENSMUSG00000056952,False
ENSMUSG00000056962,False
ENSMUSG00000056999,False
ENSMUSG00000057135,False
ENSMUSG00000057193,False
ENSMUSG00000057230,False
ENSMUSG00000057315,False
ENSMUSG00000057367,False
ENSMUSG00000057554,False
ENSMUSG00000057789,False
ENSMUSG00000058013,False
ENSMUSG00000058046,False
ENSMUSG00000058230,False
ENSMUSG00000058239,False
ENSMUSG00000058317,False
ENSMUSG00000058355,False
ENSMUSG00000058440,False
ENSMUSG00000058444,False
ENSMUSG00000058503,False
ENSMUSG00000058655,False
ENSMUSG00000058755,False
ENSMUSG00000058793,False
ENSMUSG00000059013,False
ENSMUSG00000059248,False
ENSMUSG00000059288,False
ENSMUSG00000059436,False
ENSMUSG00000059588,False
ENSMUSG00000059689,False
ENSMUSG00000059713,False
ENSMUSG00000060073,False
ENSMUSG00000060152,False
ENSMUSG00000060166,False
ENSMUSG00000060216,False
ENSMUSG00000060261,False
ENSMUSG00000060429,False
ENSMUSG00000060450,False
ENSMUSG00000060475,False
ENSMUSG00000060512,False
ENSMUSG00000060519,False
ENSMUSG00000060601,False
ENSMUSG00000060675,False
ENSMUSG00000060681,False
ENSMUSG00000060703,False
ENSMUSG00000060904,False
ENSMUSG00000061024,False
ENSMUSG00000061119,False
ENSMUSG00000061130,False
ENSMUSG00000061136,False
ENSMUSG00000061286,False
ENSMUSG00000061411,False
ENSMUSG00000061458,False
ENSMUSG00000061536,False
ENSMUSG00000061689,False
ENSMUSG00000061731,False
ENSMUSG00000061838,False
ENSMUSG00000061878,False
ENSMUSG00000061887,False
ENSMUSG00000062127,False
ENSMUSG00000062169,False
ENSMUSG00000062190,False
ENSMUSG00000062203,False
ENSMUSG00000062210,False
ENSMUSG00000062232,False
ENSMUSG00000062300,False
ENSMUSG00000062345,True
ENSMUSG00000062519,False
ENSMUSG00000062604,False
ENSMUSG00000062646,False
ENSMUSG00000062691,False
ENSMUSG00000062822,False
ENSMUSG00000062908,False
ENSMUSG00000062991,False
ENSMUSG00000063049,False
ENSMUSG00000063179,False
ENSMUSG00000063193,False
ENSMUSG00000063273,False
ENSMUSG00000063362,False
ENSMUSG00000063406,False
ENSMUSG00000063550,False
ENSMUSG00000063800,False
ENSMUSG00000063888,False
ENSMUSG00000064105,False
ENSMUSG00000064120,False
ENSMUSG00000064128,False
ENSMUSG00000064181,False
ENSMUSG00000064280,False
ENSMUSG00000064289,False
ENSMUSG00000065979,False
ENSMUSG00000066043,False
ENSMUSG00000066152,False
ENSMUSG00000066306,False
ENSMUSG00000066357,False
ENSMUSG00000066415,False
ENSMUSG00000066440,False
ENSMUSG00000066441,False
ENSMUSG00000066456,False
ENSMUSG00000066595,False
ENSMUSG00000066621,False
ENSMUSG00000066800,False
ENSMUSG00000066877,False
ENSMUSG00000067149,False
ENSMUSG00000067194,False
ENSMUSG00000067365,False
ENSMUSG00000067367,False
ENSMUSG00000067586,False
ENSMUSG00000068015,False
ENSMUSG00000068039,False
ENSMUSG00000068040,False
ENSMUSG00000068264,False
ENSMUSG00000068735,False
ENSMUSG00000068747,False
ENSMUSG00000068823,False
ENSMUSG00000069094,False
ENSMUSG00000069662,True
ENSMUSG00000069729,False
ENSMUSG00000070284,False
ENSMUSG00000070327,False
ENSMUSG00000070427,False
ENSMUSG00000070462,False
ENSMUSG00000070524,False
ENSMUSG00000070544,False
ENSMUSG00000070691,False
ENSMUSG00000070871,False
ENSMUSG00000070923,False
ENSMUSG00000071042,False
ENSMUSG00000071073,False
ENSMUSG00000071324,False
ENSMUSG00000071337,False
ENSMUSG00000071350,False
ENSMUSG00000071533,False
ENSMUSG00000071547,False
ENSMUSG00000071654,False
ENSMUSG00000071660,False
ENSMUSG00000071661,False
ENSMUSG00000071711,False
ENSMUSG00000071715,False
ENSMUSG00000071757,False
ENSMUSG00000071855,False
ENSMUSG00000072872,False
ENSMUSG00000072946,False
ENSMUSG00000073421,True
ENSMUSG00000073563,False
ENSMUSG00000073700,False
ENSMUSG00000073982,False
ENSMUSG00000074212,False
ENSMUSG00000074217,False
ENSMUSG00000074227,False
ENSMUSG00000074305,False
ENSMUSG00000074582,False
ENSMUSG00000074622,True
ENSMUSG00000074749,False
ENSMUSG00000074781,False
ENSMUSG00000074785,False
ENSMUSG00000074794,False
ENSMUSG00000074922,False
ENSMUSG00000074994,False
ENSMUSG00000075033,False
ENSMUSG00000075122,False
ENSMUSG00000075227,False
ENSMUSG00000075254,False
ENSMUSG00000075284,False
ENSMUSG00000075486,False
ENSMUSG00000075595,False
ENSMUSG00000075700,False
ENSMUSG00000075701,False
ENSMUSG00000075705,True
ENSMUSG00000078453,True
ENSMUSG00000078484,False
ENSMUSG00000078532,False
ENSMUSG00000078566,False
ENSMUSG00000078652,False
ENSMUSG00000078812,False
ENSMUSG00000078813,False
ENSMUSG00000078908,False
ENSMUSG00000079020,False
ENSMUSG00000079036,False
ENSMUSG00000079557,False
ENSMUSG00000079659,False
ENSMUSG00000080316,False
ENSMUSG00000087260,False
ENSMUSG00000087370,False
ENSMUSG00000090112,False
ENSMUSG00000090150,False
ENSMUSG00000091337,False
ENSMUSG00000093904,False
ENSMUSG00000093930,False
ENSMUSG00000094870,False
ENSMUSG00000096140,False
